//04/11/2022 21:01:09.217
0:LIGA INVEST DTVM LTDA:Liga:30/12/1899:0
1:Avenue:Avenue:30/12/1899:0
2:Souza Barros:Souza Barros:17/03/2016:0
3:XP Investimentos CCTVM S/A:XP:30/12/1899:1
4:ALFA CCVM S.A.:Alfa:30/12/1899:1
8:UBS BRASIL CCTVM S/A:UBS:30/12/1899:1
9:DEUTSCHE BANK-CV S/A:Deutsche:18/10/2016:0
10:SPINELLI S/A (EM INCORPORACAO):Spinelli:07/05/2019:0
13:MERRILL LYNCH S/A CTVM:Merrill:30/12/1899:1
14:Cruzeiro do Sul S.A. Corret Vals. e Mercadorias:Cruzeiro do Sul:17/03/2016:0
15:Guide Investimentos S.A. CV:Guide:30/12/1899:1
16:J. P. MORGAN CCVM S.A.:JP Morgan:30/12/1899:1
18:BOCOM BBM CCVM S/A:Bacor:13/08/2018:0
20:Rithmic LLC:Rithmic:30/12/1899:0
21:VOTORANTIM ASSET MANAG. DTVM:Votorantim:30/12/1899:1
23:NECTON INVESTIMENTOS S.A. CVMC:Necton:30/12/1899:1
27:Santander CCVM S/A:Santander:30/12/1899:1
29:UNILETRA CCTVM S.A.:Uniletra:30/12/1899:0
33:LEROSA S.A. CVC:Lerosa:30/12/1899:0
34:Schahin CCVM S/A:Schahin:17/03/2016:0
35:Petra Personal Trader CTV S.A.:Petra:17/03/2016:0
37:Um Investimentos S.A. CTVM:Um:30/12/1899:0
38:Corval Corrent de Vals. Mobls. S.A.:Corval:17/03/2016:0
39:AGORA CTVM S/A:Agora:30/12/1899:1
40:MORGAN STANLEY CTVM S/A:Morgan:30/12/1899:1
41:ING CCT S/A:ING:26/09/2017:0
45:CREDIT SUISSE BRASIL S.A. CTVM:Credit:30/12/1899:1
47:Solidez CCTVM LTDA:Solidez:16/02/2017:0
51:Citigroup Global Markets Brasil CCTVM S.A.:Citigroup:17/03/2016:0
54:HAITONG SECURITIES:Haitong:26/09/2017:0
57:Brascan S.A. Corret Tits. e Vals.:Brascan:17/03/2016:0
58:SOCOPA SC PAULISTA S.A.:Socopa:30/12/1899:1
59:SAFRA CVC LTDA.:Safra:30/12/1899:1
63:NOVINVEST CVM LTDA.:Novinvest:30/12/1899:1
70:KIRTON:HSBC:19/04/2017:0
72:BRADESCO S/A CTVM:Bradesco:30/12/1899:1
74:COINVALORES CCVM LTDA.:Coinvalores:30/12/1899:0
75:Talarico CCTM LTDA:Talarico:17/03/2016:0
76:Interbolsa do Brasil Administradora de Bens LTDA:Interbolsa:17/03/2016:0
77:CITIGROUP GMB CCTVM S.A.:Citigroup:30/12/1899:1
82:TOV CCTVM LTDA:TOV:18/03/2016:0
83:Maxima S/A CTVM:Maxima:30/12/1899:1
85:BTG Pactual CTVM S.A.:BTG:30/12/1899:1
86:WALPIRES S.A. CCTVM:Walpires:15/02/2019:0
88:CM Capital Markets CCTVM LTDA:Capital:30/12/1899:1
90:NU INVEST CORRETORA DE VALORES S.A.:NuInvest:30/12/1899:1
92:RENASCENCA DTVM LTDA:Renascenca:30/12/1899:1
93:NOVA FUTURA CTVM LTDA:Nova Futura:30/12/1899:1
94:Pioneer CM e Futuros LTDA:Pioneer:17/03/2016:0
95:Credit Suisse Hedging Griffo C.V. S/A:Hedging-Griffo:17/03/2016:0
98:Alpes CCTVM S/A:Alpes:17/03/2016:0
99:Tendencia CCTVM LTDA:Tendencia:17/03/2016:0
102:CGD Investimentos CVC S/A:CGD:17/03/2016:0
104:Distribuidora Intercap TVM S/A:Intercap:17/03/2016:0
105:FDR CM LTDA:FDR:17/03/2016:0
106:MERC. DO BRASIL COR. S.A. CTVM:Merc.:30/12/1899:1
107:TERRA INVESTIMENTOS DTVM LTDA:Terra:30/12/1899:1
110:SLW CVC LTDA.:Slw:26/09/2017:0
114:ITAU CV S/A:Itau:30/12/1899:1
115:H.COMMCOR DTVM LTDA:H.commcor:30/12/1899:1
119:BTG Pactual CM LTDA:BTG:17/03/2016:0
120:GENIAL INSTITUCIONAL CCTVM S.A:Genial:30/12/1899:1
122:BGC LIQUIDEZ DTVM:BGC Liquidez:30/12/1899:1
127:TULLETT PREBON:Tullett:30/12/1899:1
129:PLANNER CV S.A:Planner:30/12/1899:1
131:FATOR S.A. CV:Fator:30/12/1899:1
133:Dibran DTVM LTDA:Dibran:26/09/2017:0
134:Barclays CTVM S/A:Barclays:15/04/2016:0
140:Diferencial CTVM S.A.:Diferencial:17/03/2016:0
147:ATIVA INVESTIMENTOS S.A. CTCV:Ativa:30/12/1899:1
150:Prosper S.A. CVC:Prosper:17/03/2016:0
157:Esc. Ruy Lage Soc. Corret de Tits. LTDA.:Ruy Lage:17/03/2016:0
172:BANRISUL S/A CVMC:Banrisul:30/12/1899:1
173:GENIAL INVESTIMENTOS CVM S.A.:Genial:04/02/2020:0
174:Elite CCVM LTDA.:Elite:30/12/1899:1
175:Omar Camargo Corret de Cambio e Vals. LTDA.:Omar Camargo:17/03/2016:0
177:SOLIDUS S/A CCVM:Solidus:30/12/1899:1
181:Mundinvest S.A. CCVM:Mundinvest:30/12/1899:0
186:CORRETORA GERAL DE VC LTDA:Geral:30/12/1899:1
187:SITA SCCVM S.A.:Sita:30/12/1899:1
188:XP Crypto:XP Crypto:30/12/1899:0
189:Prime S.A. Corret de Cambio e Vals.:Prime:17/03/2016:0
190:WARREN CVMC LTDA:Warren:30/12/1899:1
191:Senso CCVM S.A.:Senso:30/12/1899:1
192:Geraldo Correa Corret de Vals. Mobls. S.A.:Geraldo Correa:17/03/2016:0
206:Banco J. P. Morgan S.A.:J.P.:30/12/1899:0
225:Itau DTVM S.A.:Itau:17/03/2016:0
226:AMARIL FRANKLIN CTV LTDA.:Amaril:30/12/1899:1
227:GRADUAL CCTVM S/A:Gradual:26/09/2017:0
228:Unibanco Investshop CVMC S.A.:Unibanco:17/03/2016:0
232:H.H. Picchioni S.A. CCVM:Picchioni:07/10/2016:0
234:CODEPE CV E CAMBIO S/A:Codepe:30/12/1899:1
237:Oliveira Franco Sociedade CVC LTDA:Oliveira Franco:17/03/2016:0
238:GOLDMAN SACHS DO BRASIL CTVM:Goldman:30/12/1899:1
239:Interfloat HZ CCTVM LTDA:Interfloat:17/03/2016:0
241:RBC Brasil DTVM LTDA:RBC Brasil:17/03/2016:0
246:Unibanco - Uniao de Bcos Brasileiros S.A.:Unibanco:17/03/2016:0
251:BANCO BNP PARIBAS BRASIL S/A:BNP:30/12/1899:1
254:Banco do Brasil S.A.:BB:30/12/1899:1
262:MIRAE ASSET WEALTH MANAGEMENT:Mirae:30/12/1899:1
265:BTG Pactual CM LTDA:BTG:17/03/2016:0
270:Banco Santander (Brasil) S.A.:Santander:17/03/2016:0
277:Banco Westlb do Brasil S.A.:Westlb:17/03/2016:0
298:Citibank DTVM S.A.:Citibank:30/12/1899:0
302:BNDES:BNDES:17/03/2016:0
304:Banco Safra S.A.:Safra:30/12/1899:0
308:CLEAR CORRETORA - GRUPO XP:Clear:30/12/1899:1
336:Br Partners CTVM S/A:Partners:17/03/2016:0
350:Unibanco - Uniao de Bcos Brasileiros S.A.:Unibanco:17/03/2016:0
354:Incentivo S.A. DTVM:Incentivo:17/03/2016:0
359:BANCO DAYCOVAL:Daycoval:26/09/2017:0
370:Itaubank DTVM S.A.:Itaubank:17/03/2016:0
386:RICO INVESTIMENTOS - GRUPO XP:Rico:30/12/1899:1
442:BANCO OURINVEST:Ourinvest:26/09/2017:0
481:HAITONG DO BRASIL DTVM S.A.:Haitong:18/10/2016:0
483:Banco Com. e de Invest. Sudameris S.A.:Sudameris:17/03/2016:0
497:Banco Bradesco S.A.:Bradesco:17/03/2016:0
515:BNDES:BNDES:17/03/2016:0
521:Economus Inst. de Seguridade Social:Economus:17/03/2016:0
550:HSBC Invest. Bank Brasil S/A Bco Invest.:HSBC:17/03/2016:0
564:Nova Futura DTVM LTDA:Nova Futura:17/03/2016:0
570:Caixa Economica Federal:Caixa:17/03/2016:0
583:Unibanco - Uniao de Bcos Brasileiros S.A.:Unibanco:17/03/2016:0
591:Banco Barclays S.A.:Barclays:17/03/2016:0
603:Sagres Empreendimentos e Participacoes LTDA.:Sagres:17/03/2016:0
622:Banco Santander Brasil S.A.:Santander:30/12/1899:0
631:Banco Santander Brasil S.A.:Santander:17/03/2016:0
635:Banco Santander Brasil S.A.:Santander:17/03/2016:0
659:Deutsche Bank S.A. Bco Alemao:Deutsche:17/03/2016:0
661:Banco ABC Brasil S.A.:ABC:17/03/2016:0
671:Banco Opportunity S.A.:Opportunity:17/03/2016:0
672:BRB DTVM S.A.:BRB:17/03/2016:0
680:Banco Paulista S.A.:Paulista:17/03/2016:0
683:BANCO MODAL:Banco:26/09/2017:0
697:Pavarini DTVM LTDA:Pavarini:17/03/2016:0
711:DILLON S.A. DTVM:Dillon:26/09/2017:0
713:BB GESTAO DE RECURSOS DTVM S/A:BB:26/09/2017:0
734:GBM Brasil DTVM S/A:GBM:17/03/2016:0
735:ICAP do Brasil CTVM LTDA:ICAP:30/12/1899:1
736:PAX Corretora de Valores e Cambio LTDA.:PAX:17/03/2016:0
740:Morgan Stanley CTVM S.A.:Morgan:17/03/2016:0
751:Banco Nossa Caixa S.A.:Nossa Caixa:17/03/2016:0
765:HSBC CTVM S.A.:HSBC:17/03/2016:0
820:BB Banco de Investimento S/A:BB:04/02/2020:0
833:Banco de Investimentos Credit Suisse (Brasil) S/A:Credit:30/12/1899:0
894:BMFBOVESPA:Bmfbovespa:23/06/2017:0
942:BVRJ:BVRJ:17/03/2016:0
945:Banco Bradesco BBI S.A.:Bradesco:17/03/2016:0
965:Besc DTVM S.A. - Besc Valores:Bescval:17/03/2016:0
975:Pernambucanas DTVM LTDA:Pernambucanas:17/03/2016:0
979:ADVALOR DTVM LTDA:Advalor:26/09/2017:0
1026:Banco BTG Pactual S.A.:BTG:30/12/1899:0
1069:Tatica S.A. DTVM:Tatica:17/03/2016:0
1089:RB CAPITAL INVESTIMENTOS DTVM:RB Capital:30/12/1899:1
1093:BANCO SOFISA:Sofisa:17/03/2016:0
1099:INTER DTVM LTDA:Inter:30/12/1899:1
1106:Ourinvest DTVM S.A.:Ourinvest:29/04/2016:0
1108:Banco Brascan S.A.:Brascan:17/03/2016:0
1116:BANCO CITIBANK:Citibank:13/08/2018:0
1130:INTL FCStone DTVM Ltda.:Intl:30/12/1899:1
1139:Fibra Asset Management DTVM LTDA.:Fibra:17/03/2016:0
1170:Liquidez DTVM LTDA:Liquidez:17/03/2016:0
1345:Banco do Brasil S.A.:BB:20/12/2019:0
1346:Banco Bradesco S.A.:Bradesco:16/08/2022:0
1349:Itau Unibanco S/A:Itau Unibanco:17/03/2016:0
1359:Unibanco Uniao de Bancos Brasileiros S.A.:Unibanco:17/03/2016:0
1362:Banco Santander (Brasil) S.A.:Santander:17/03/2016:0
1423:Banco BRJ S.A.:BRJ:17/03/2016:0
1424:BMFBOVESPA S/A:Bmfbovespa:17/03/2016:0
1445:VIC DTVM S.A.:VIC:17/03/2016:0
1469:Gente Seguradora S.A.:Gente:17/03/2016:0
1570:CAIXA ECONOMICA FEDERAL:Caixa:22/11/2017:0
1618:IDEAL CTVM SA:Ideal:30/12/1899:1
1629:Boreal DTVM S/A:Boreal:17/03/2016:0
1716:ESTRATEGIA INV S.A. CVC:Estrategia:03/08/2016:0
1722:Banco Votorantim S.A:Votorantim:17/03/2016:0
1723:Banco Votorantim S.A:Votorantim:17/03/2016:0
1737:BNY MELLON BANCO S.A.:BNY:17/03/2016:0
1773:Banco BNP Paribas Brasil S.A.:BNP:17/03/2016:0
1790:Banco Itaubank S. A.:Itau:17/03/2016:0
1798:Banco BNP Paribas Brasil S.A.:BNP:17/03/2016:0
1817:Banco Merril Lynch de Investimentos  S.A.:Merril:17/03/2016:0
1829:Banco BMF de Servicos de Liquidacao e Custodia S.A.:BMF:17/03/2016:0
1850:BANCO COOPERATIVO SICREDI S/A:Sicredi:30/12/1899:0
1855:VITREO DISTRIBUIDORA DE TITULOS VALORES MOBILIARIOS S.A.:Vitreo DTVM S.A.:30/12/1899:1
1925:Banco BNP Paribas Brasil S.A.:BNP:17/03/2016:0
1955:Banco Itaubank S.A.:Itau:17/03/2016:0
1976:HSBC Bank Brasil S. A. Banco Multiplo:HSBC:17/03/2016:0
1982:MODAL DTVM LTDA:Modal:30/12/1899:1
2014:Itau DTVM S.A.:Itau:17/03/2016:0
2025:Banco BVA S.A.:BVA:17/03/2016:0
2028:Itau Unibanco S/A:Itau Unibanco:06/10/2016:0
2037:J.P. Morgan S.A. DTVM:J.P.:17/03/2016:0
2044:Portopar DTVM LTDA:Portopar:17/03/2016:0
2047:HSBC Bank Brasil S.A. Banco Multiplo:HSBC:17/03/2016:0
2114:Citibank DTVM S.A.:Citibank:17/03/2016:0
2159:Banco Itau BBA S.A:Itau BBA:17/03/2016:0
2197:BCO FIBRA:BCO:26/09/2017:0
2205:Banco Credit Agricole Brasil S.A.:Credit Agricole:17/03/2016:0
2217:Banco BBM S.A.:BBM:17/03/2016:0
2222:J. Safra Asset Management LTDA:Safra:17/03/2016:0
2256:Credit Suisse (Brasil) DTVM S.A.:Credit:17/03/2016:0
2266:CREDIT AGRICOLE BR S/A DTVM:Credit:04/05/2017:0
2304:Banco Bradesco S.A.:Bradesco:17/03/2016:0
2354:C&D DTVM LTDA.:C&D:17/03/2016:0
2361:HOYA CVC LTDA:Hoya:26/09/2017:0
2379:ORLA DTVM S/A:Orla:29/04/2016:0
2446:Itau Corret. Valores S/A:Itau:17/03/2016:0
2486:Itau Unibanco S/A:Itau Unibanco:17/03/2016:0
2492:POSITIVA CTVM S/A:Positiva:29/04/2016:0
2509:BNY Mellon Servicos Financeiros DTVM S.A.:BNY Mellon:17/03/2016:0
2542:Dresdner Bank Brasil S.A. Banco Multiplo:Dresdner:17/03/2016:0
2570:SANTANDER SECURITIES SERVICES:Santander:26/09/2017:0
2599:Br-Capital DTVM S.A.:Br-Capital:17/03/2016:0
2628:Itaubank DTVM S.A.:Itau:17/03/2016:0
2629:Sul America Invest. DTVM S.A.:Sul America:17/03/2016:0
2640:LLA DTVM LTDA:LLA:26/09/2017:0
2653:Banco Bradesco S.A.:Bradesco:17/03/2016:0
2659:Banco do Brasil S.A.:BB:30/12/1899:1
2729:Banco Bradesco S.A.:Bradesco:17/03/2016:0
2750:Itau Unibanco S/A:Itau Unibanco:17/03/2016:0
2762:Banco Santander (Brasil) S.A.:Santander:17/03/2016:0
2800:Banco Morgan Stanley S.A.:Morgan:17/03/2016:0
2840:Opportunity Kronus Fdo de Invest. em Acoes:Opportunity Kronus:17/03/2016:0
2949:Banco Schahin S.A.:Schahin:17/03/2016:0
2967:Banco BMF de Serv. Liq. e Custodia S.A.:BMF:17/03/2016:0
3008:Unibanco - Uniao de Bancos Brasileiros S.A.:Unibanco:17/03/2016:0
3009:IRB Brasil Resseguros S.A.:IRB:17/03/2016:0
3030:Itau Unibanco S/A:Itau:17/03/2016:0
3040:Itau Unibanco S/A:Itau:17/03/2016:0
3088:Banco Paulista S.A.:Paulista:17/03/2016:0
3105:CONAPP Cia. Nacional de Seguros:CONAPP:17/03/2016:0
3112:Banestes DTVM S/A:Banestes:30/01/2017:0
3120:Suez Energy South America Participacoes LTDA.:Suez:17/03/2016:0
3130:Flow CM:Flow:18/03/2014:0
3131:Banco Fator S/A:Fator:17/03/2016:0
3142:PI DISTRIBUIDORA DE TITULOS E:PI:30/12/1899:0
3155:Terra Investimentos CM S.A.:Terra:20/05/2014:0
3200:Votorantim Asset Management DTVM LTDA.:Votorantim:17/03/2016:0
3333:Banco Itaubank S.A.:Itaubank:17/03/2016:0
3371:RIO BRAVO INVEST S.A. DTVM:RIO:26/09/2017:0
3449:Prosper Aplicacao CMF LTDA.:Prosper:18/03/2014:0
3500:Opportunity DTVM LTDA:Opportunity:17/03/2016:0
3522:CITIBANK N.A.:Citibank:10/11/2017:0
3558:Itau Unibanco S/A:Itau:17/03/2016:0
3559:Itau Unibanco S/A:Itau:17/03/2016:0
3594:Banco Bradesco S.A.:Bradesco:17/03/2016:0
3597:Brasil Plural CCTVM S/A:Plural:17/03/2016:0
3601:Banco do Estado do Rio Grande do Sul S.A.:Banrisul:17/03/2016:0
3602:Banco Santander (Brasil) S.A.:Santander:17/03/2016:0
3603:Banco do Brasil S.A.:BB:17/03/2016:0
3604:Banco Bradesco S.A.:Bradesco:17/03/2016:0
3701:ORAMA DTVM S.A.:Orama:30/12/1899:1
3762:RJI CTVM LTDA:RJI:26/09/2017:0
3794:ITAU CV S/A:Itau:09/11/2017:0
3802:CM CAPITAL MARKETS CCTVM LTDA:Capital:23/10/2017:0
3803:XP INVESTIMENTOS:XP:29/12/2016:0
4002:BANCO ANDBANK (BRASIL) S.A.:Andbank:13/08/2018:0
4011:FRAM CAPITAL:Fram:17/03/2016:0
4015:BS2 DTVM S/A:BS2:28/03/2019:0
4090:TORO CTVM S.A.:Toro:30/12/1899:1
4440:Itau DTVM S.A.:Itau:17/03/2016:0
4570:Caixa Economica Federal:Caixa:17/03/2016:0
4622:Banco Santander S.A.:Santander:17/03/2016:0
5169:Renascenca DTVM LTDA:Renascenca:17/03/2016:0
5497:BB BANCO DE INVESTIMENTO S/A:BB:26/09/2017:0
5656:XP Crypto:XP Crypto:30/12/1899:0
6003:C6 CTVM LTDA:C6:30/12/1899:1
6767:ACTIVTRADES CORRETORA DE CAMBIO, TITULOS E VALORES MOBILIARIOS LTDA:ACTIVTRADES:30/12/1899:0
6886:AETATIS SECURITIZADORA S.A.:Aetatis:17/03/2016:0
6980:Patria Cia Securitizadora de Cred Imob:Patria:17/03/2016:0
7029:LIGA INVEST DTVM LTDA:Liga:30/12/1899:1
7078:SCOTIABANK BRASIL S.A. CTVM:SCOTIABANK:30/12/1899:1
7917:Brazilian Securities Cia Securitizacao:Brazilian:17/03/2016:0
50087:BANCO COOPERATIVO SICREDI S/A:Sicredi:30/12/1899:0
70043:Investo DTVM S.A.:Investo:04/02/2020:0
